<step title="Incoming Request" date="2025-11-24T15:32:55.061" instance="245d3a" url="/api/publish?type=zip" method="POST" type="request" pid="837,1,15" Accept="*/*" Host="app-expense-mgmt-ouugfu3aoaa5u.scm.azurewebsites.net" User-Agent="AZURECLI/2.80.0 (MSI)" Accept-Encoding="gzip, deflate" Authorization="Bea..." Cache-Control="no-cache" Content-Type="application/octet-stream" Cookie="ARRAffinity=245d3a60ee797bb0440fcba44d0786977f5b4ea366bcd459b9be1921a3a8ea5e; ARRAffinitySameSite=245d3a60ee797bb0440fcba44d0786977f5b4ea366bcd459b9be1921a3a8ea5e" Content-Length="5772248" x-ms-client-request-id="a4b34112-c94a-11f0-888c-701ab8533456" x-ms-artifact-checksum="b1c31be877a26888349906ea8934b9553294536b0da54f1d14478a44cb14d7a2" X-ARR-LOG-ID="a4b34112-c94a-11f0-888c-701ab8533456" CLIENT-IP="20.107.5.167:48778" X-SITE-DEPLOYMENT-ID="app-expense-mgmt-ouugfu3aoaa5u" WAS-DEFAULT-HOSTNAME="app-expense-mgmt-ouugfu3aoaa5u.scm.azurewebsites.net" X-Forwarded-Proto="https" X-AppService-Proto="https" X-Forwarded-TlsVersion="1.3" X-WAWS-Unencoded-URL="/api/publish?type=zip" X-Client-IP="20.107.5.167" X-Client-Port="48778" >
  <step title="Cleanup Xml Logs" date="2025-11-24T15:32:55.120" /><!-- duration: 149ms -->
  <step title="OneDeploy" date="2025-11-24T15:32:56.384" >
    <step title="None repository commit" date="2025-11-24T15:32:56.425" >
      <step title="Commit id: 02eaa7c5-f6c1-47b3-b877-e690da1a3036" date="2025-11-24T15:32:56.436" Message="N/A" AuthorName="N/A" AuthorEmail="N/A" /><!-- duration: 4ms -->
    </step><!-- duration: 19ms -->
    <step title="Starting PushDeployAsync" date="2025-11-24T15:32:56.448" /><!-- duration: 4ms -->
    <step title="Writing artifact to /tmp/zipdeploy/290fd285-6d17-4eeb-9f08-16250888480f.zip" date="2025-11-24T15:32:56.472" >
      <step title="Writing multipart request body to /tmp/zipdeploy/290fd285-6d17-4eeb-9f08-16250888480f.zip" date="2025-11-24T15:32:56.478" /><!-- duration: 4ms -->
    </step><!-- duration: 808ms -->
    <step title="Attempting to fetch target branch HEAD" date="2025-11-24T15:32:57.348" /><!-- duration: 10ms -->
    <step title="Acquiring Deployment Lock" date="2025-11-24T15:32:57.363" /><!-- duration: 6ms -->
    <step title="Acquired Deployment Lock" date="2025-11-24T15:32:57.489" /><!-- duration: 25ms -->
    <step title="Performing fetch based deployment" date="2025-11-24T15:32:57.526" >
      <step title="Creating temporary deployment" date="2025-11-24T15:32:57.533" /><!-- duration: 122ms -->
      <step title="Releasing Deployment Lock" date="2025-11-24T15:32:59.361" /><!-- duration: 29ms -->
      <step title="Cleaning up temp folders from previous zip deployments and extracting pushed zip file /tmp/zipdeploy/290fd285-6d17-4eeb-9f08-16250888480f.zip (5.50 MB) to /tmp/zipdeploy/extracted" date="2025-11-24T15:32:59.629" >
        <step title="ChmodRecursive Process exited with total time taken in ms: 111" date="2025-11-24T15:33:00.649" /><!-- duration: 17ms -->
      </step><!-- duration: 1040ms -->
      <step title="None repository commit" date="2025-11-24T15:33:00.674" >
        <step title="Commit id: 02eaa7c5-f6c1-47b3-b877-e690da1a3036" date="2025-11-24T15:33:00.678" Message="OneDeploy" AuthorName="N/A" AuthorEmail="N/A" /><!-- duration: 4ms -->
      </step><!-- duration: 11ms -->
      <step title="Deployment timer started" date="2025-11-24T15:33:02.810" >
        <step title="DeploymentManager.Deploy(id:02eaa7c5-f6c1-47b3-b877-e690da1a3036)" date="2025-11-24T15:33:02.847" >
          <step title="Collecting changeset information" date="2025-11-24T15:33:02.908" /><!-- duration: 169ms -->
          <step title="Updating submodules" date="2025-11-24T15:33:03.085" /><!-- duration: 1164ms -->
          <step title="Determining deployment builder" date="2025-11-24T15:33:04.598" >
            <step title="Builder is OneDeployBuilder" date="2025-11-24T15:33:04.633" /><!-- duration: 6ms -->
          </step><!-- duration: 47ms -->
          <step title="PreDeployment: context.CleanOutputPath False" date="2025-11-24T15:33:04.728" >
            <step title="PreDeployment: context.OutputPath /home/site/wwwroot" date="2025-11-24T15:33:04.943" >
              <step title="Building" date="2025-11-24T15:33:05.121" >
                <step title="Executing external process" date="2025-11-24T15:33:05.677" type="process" path="starter.sh" arguments="/opt/Kudu/Scripts/parallel_rsync.sh /tmp/zipdeploy/extracted /home/site/wwwroot 8 /tmp/ False False  " /><!-- duration: 5150ms -->
                <step title="Modified file to trigger a restart of the app container." date="2025-11-24T15:33:11.336" /><!-- duration: 5ms -->
                <step title="Skip function trigger and logicapp sync because function is not enabled." date="2025-11-24T15:33:11.348" /><!-- duration: 6ms -->
              </step><!-- duration: 7046ms -->
            </step><!-- duration: 7260ms -->
            <step title="Cleaning up temp files" date="2025-11-24T15:33:12.222" /><!-- duration: 4ms -->
            <step title="Cleaning up temp files" date="2025-11-24T15:33:12.229" /><!-- duration: 516ms -->
            <step title="Reloading status file with latest updates" date="2025-11-24T15:33:12.795" >
              <step title="WebHooksManager.PublishEventAsync: PostDeployment" date="2025-11-24T15:33:12.801" /><!-- duration: 172ms -->
            </step><!-- duration: 182ms -->
            <step title="Cleaning up temporary deployment - fetch deployment was successful" date="2025-11-24T15:33:12.983" /><!-- duration: 4ms -->
          </step><!-- duration: 8321ms -->
        </step><!-- duration: 10210ms -->
        <step title="Outgoing response" date="2025-11-24T15:33:13.082" type="response" statusCode="200" statusText="OK" /><!-- duration: 4ms -->
      </step><!-- duration: 10281ms -->
